target_id	target_symbol	hgnc_id	uniprot_id	adcdb_highest_clinical_stage	adcdb_cancer_types_with_precedent	adcdb_payload_precedent	human_adc_exposure_evidence	derisking_tier	repurposing_status	source_id	source_reference	last_synced	notes
tgt_axl	AXL	HGNC:905	P30530	PHASE2	Cervical Cancer; Endometrial Cancer; Melanoma; Non Small Cell Lung Cancer (NSCLC); Ovarian Cancer; Sarcoma; Solid Tumors; Thyroid Cancer	MMAE	UNKNOWN	A_CLINICAL	ACTIVE	adcdb_claude_redo;adcdb_published	adc_candidates.tsv:ADC_CANDIDATE_ADC_SUFFIX_8a46197896f6 | antigen:TAR0PMKUR	2026-08-23	derisking_tier=A_CLINICAL per ADC_ATLAS_DATASET_CONTRACT.md Module A admission gate definition (a real ADC construct against this target is approved or has entered a human trial per adc_candidates.tsv, status=VALIDATED); this does not by itself establish CRC/mCRC relevance -- see adcdb_cancer_types_with_precedent for whether CRC-family terms are among the documented indications. human_adc_exposure_evidence=YES only when an approved asset exists for this target (approval implies documented dosing); a clinical-stage-only target gets UNKNOWN here even though its derisking_tier is still A_CLINICAL -- trial registration is not the same claim as documented human exposure.
tgt_cd19	CD19	HGNC:1633	P15391	APPROVED	Acute Lymphoblastic Leukemia; B-Cell Lymphoma Treatment; B-Cell Non-Hodgkin Lymphoma; B-cell Lymphoma; B-cell Non Hodgkin Lymphoma; Breast Cancer; Burkitt Lymphoma; Burkitt's Lymphoma (+38 more distinct root terms, 72 raw indication strings total)	MMAF; PBD dimer	YES	A_CLINICAL	ACTIVE	adcdb_claude_redo;adcdb_published	adc_candidates.tsv:ADC_CANDIDATE_LONCASTUXIMAB_TESIRINE;ADC_CANDIDATE_ADC_SUFFIX_4e000bdcb848 | antigen:TAR0EBTXG	2026-08-23	derisking_tier=A_CLINICAL per ADC_ATLAS_DATASET_CONTRACT.md Module A admission gate definition (a real ADC construct against this target is approved or has entered a human trial per adc_candidates.tsv, status=VALIDATED); this does not by itself establish CRC/mCRC relevance -- see adcdb_cancer_types_with_precedent for whether CRC-family terms are among the documented indications. human_adc_exposure_evidence=YES only when an approved asset exists for this target (approval implies documented dosing); a clinical-stage-only target gets UNKNOWN here even though its derisking_tier is still A_CLINICAL -- trial registration is not the same claim as documented human exposure.
tgt_cd22	CD22	HGNC:1643	P20273	APPROVED	ACUTE LYMPHOBLASTIC LEUKEMIA; Acute Leukemias of Ambiguous Lineage; Acute Lymphocytic Leukemia; B Acute Lymphoblastic Leukemia; B Acute Lymphoblastic Leukemia With t(9;22)(q34.1;q11.2); B Acute Lymphoblastic Leukemia, Philadelphia Chromosome Negative; B Lymphoblastic Lymphoma; B-Cell Lymphoma (+28 more distinct root terms, 47 raw indication strings total)	MMAE; calicheamicin	YES	A_CLINICAL	ACTIVE	adcdb_claude_redo;adcdb_published	adc_candidates.tsv:ADC_CANDIDATE_INOTUZUMAB_OZOGAMICIN;ADC_CANDIDATE_ADC_SUFFIX_f5c595efeea1 | antigen:TAR0XTCGM	2026-08-23	derisking_tier=A_CLINICAL per ADC_ATLAS_DATASET_CONTRACT.md Module A admission gate definition (a real ADC construct against this target is approved or has entered a human trial per adc_candidates.tsv, status=VALIDATED); this does not by itself establish CRC/mCRC relevance -- see adcdb_cancer_types_with_precedent for whether CRC-family terms are among the documented indications. human_adc_exposure_evidence=YES only when an approved asset exists for this target (approval implies documented dosing); a clinical-stage-only target gets UNKNOWN here even though its derisking_tier is still A_CLINICAL -- trial registration is not the same claim as documented human exposure.
tgt_cd276	CD276	HGNC:19137	Q5ZPR3	PHASE3	Extensive Stage-small Cell Lung Cancer; Extensive-stage Small-cell Lung Cancer; Neuroendocrine Carcinoma; Small Cell Lung Cancer; Small-Cell Lung Cancer	exatecan-derivative (topo1i)	UNKNOWN	A_CLINICAL	ACTIVE	adcdb_claude_redo;adcdb_published	adc_candidates.tsv:ADC_CANDIDATE_ADC_SUFFIX_5d5b94f8644a | antigen:TAR0GLSWQ	2026-08-23	derisking_tier=A_CLINICAL per ADC_ATLAS_DATASET_CONTRACT.md Module A admission gate definition (a real ADC construct against this target is approved or has entered a human trial per adc_candidates.tsv, status=VALIDATED); this does not by itself establish CRC/mCRC relevance -- see adcdb_cancer_types_with_precedent for whether CRC-family terms are among the documented indications. human_adc_exposure_evidence=YES only when an approved asset exists for this target (approval implies documented dosing); a clinical-stage-only target gets UNKNOWN here even though its derisking_tier is still A_CLINICAL -- trial registration is not the same claim as documented human exposure.
tgt_cd33	CD33	HGNC:1659	P20138	APPROVED	Acute Myelogenous Leukemia; Acute Myeloid Leukemia; Chronic Lymphocytic Leukemia; Leukemia; Leukemia, Myeloid; Leukemia, Myeloid, Acute; Myelodysplastic Syndrome; Myelodysplastic Syndromes (+1 more distinct root terms, 9 raw indication strings total)	calicheamicin	YES	A_CLINICAL	ACTIVE	adcdb_claude_redo;adcdb_published	adc_candidates.tsv:ADC_CANDIDATE_GEMTUZUMAB_OZOGAMICIN | antigen:TAR0OVWVF	2026-08-23	derisking_tier=A_CLINICAL per ADC_ATLAS_DATASET_CONTRACT.md Module A admission gate definition (a real ADC construct against this target is approved or has entered a human trial per adc_candidates.tsv, status=VALIDATED); this does not by itself establish CRC/mCRC relevance -- see adcdb_cancer_types_with_precedent for whether CRC-family terms are among the documented indications. human_adc_exposure_evidence=YES only when an approved asset exists for this target (approval implies documented dosing); a clinical-stage-only target gets UNKNOWN here even though its derisking_tier is still A_CLINICAL -- trial registration is not the same claim as documented human exposure.
tgt_cd79b	CD79B	HGNC:1699	P40259	APPROVED	ALK-Positive Large B-Cell Lymphoma; Aggressive Non-Hodgkin Lymphoma; B-Cell Lymphoma; B-Cell Non-Hodgkin Lymphoma; Burkitt Lymphoma; Chronic Lymphocytic Leukemia; DLBCL; Diffuse Large B Cell Lymphoma (+56 more distinct root terms, 99 raw indication strings total)	MMAE	YES	A_CLINICAL	ACTIVE	adcdb_claude_redo;adcdb_published	adc_candidates.tsv:ADC_CANDIDATE_POLATUZUMAB_VEDOTIN | antigen:TAR0KZVDX	2026-08-23	derisking_tier=A_CLINICAL per ADC_ATLAS_DATASET_CONTRACT.md Module A admission gate definition (a real ADC construct against this target is approved or has entered a human trial per adc_candidates.tsv, status=VALIDATED); this does not by itself establish CRC/mCRC relevance -- see adcdb_cancer_types_with_precedent for whether CRC-family terms are among the documented indications. human_adc_exposure_evidence=YES only when an approved asset exists for this target (approval implies documented dosing); a clinical-stage-only target gets UNKNOWN here even though its derisking_tier is still A_CLINICAL -- trial registration is not the same claim as documented human exposure.
tgt_cdh6	CDH6	HGNC:1765	P55285	PHASE2	Ovarian Cancer Recurrent	exatecan-derivative (topo1i)	UNKNOWN	A_CLINICAL	ACTIVE	adcdb_claude_redo;adcdb_published	adc_candidates.tsv:ADC_CANDIDATE_ADC_SUFFIX_d82b69ba971c | antigen:TAR0SOZLV	2026-08-23	derisking_tier=A_CLINICAL per ADC_ATLAS_DATASET_CONTRACT.md Module A admission gate definition (a real ADC construct against this target is approved or has entered a human trial per adc_candidates.tsv, status=VALIDATED); this does not by itself establish CRC/mCRC relevance -- see adcdb_cancer_types_with_precedent for whether CRC-family terms are among the documented indications. human_adc_exposure_evidence=YES only when an approved asset exists for this target (approval implies documented dosing); a clinical-stage-only target gets UNKNOWN here even though its derisking_tier is still A_CLINICAL -- trial registration is not the same claim as documented human exposure.
tgt_ceacam5	CEACAM5	HGNC:1817	P06731	PHASE2	Colon Cancer; Colorectal Cancer; Rectal Cancer	SN-38	UNKNOWN	A_CLINICAL	ACTIVE	adcdb_claude_redo;adcdb_published	adc_candidates.tsv:ADC_CANDIDATE_ADC_SUFFIX_5a33565c2c4a | antigen:TAR0MKNCY	2026-08-23	derisking_tier=A_CLINICAL per ADC_ATLAS_DATASET_CONTRACT.md Module A admission gate definition (a real ADC construct against this target is approved or has entered a human trial per adc_candidates.tsv, status=VALIDATED); this does not by itself establish CRC/mCRC relevance -- see adcdb_cancer_types_with_precedent for whether CRC-family terms are among the documented indications. human_adc_exposure_evidence=YES only when an approved asset exists for this target (approval implies documented dosing); a clinical-stage-only target gets UNKNOWN here even though its derisking_tier is still A_CLINICAL -- trial registration is not the same claim as documented human exposure.
tgt_dll3	DLL3	HGNC:2909	Q9NYJ7	PHASE2	Small Cell Lung Cancer; Small Cell Lung Carcinoma	PBD dimer	UNKNOWN	A_CLINICAL	ACTIVE	adcdb_claude_redo;adcdb_published	adc_candidates.tsv:ADC_CANDIDATE_ADC_SUFFIX_f9862657f765 | antigen:TAR0HELFC	2026-08-23	derisking_tier=A_CLINICAL per ADC_ATLAS_DATASET_CONTRACT.md Module A admission gate definition (a real ADC construct against this target is approved or has entered a human trial per adc_candidates.tsv, status=VALIDATED); this does not by itself establish CRC/mCRC relevance -- see adcdb_cancer_types_with_precedent for whether CRC-family terms are among the documented indications. human_adc_exposure_evidence=YES only when an approved asset exists for this target (approval implies documented dosing); a clinical-stage-only target gets UNKNOWN here even though its derisking_tier is still A_CLINICAL -- trial registration is not the same claim as documented human exposure.
tgt_egfr	EGFR	HGNC:3236	P00533	PHASE3	Glioblastoma; Glioblastoma Multiforme; Gliosarcoma	MMAF	UNKNOWN	A_CLINICAL	ACTIVE	adcdb_claude_redo;adcdb_published	adc_candidates.tsv:ADC_CANDIDATE_ADC_SUFFIX_9ba9a67ff4b7 | antigen:TAR0UYFIF	2026-08-23	derisking_tier=A_CLINICAL per ADC_ATLAS_DATASET_CONTRACT.md Module A admission gate definition (a real ADC construct against this target is approved or has entered a human trial per adc_candidates.tsv, status=VALIDATED); this does not by itself establish CRC/mCRC relevance -- see adcdb_cancer_types_with_precedent for whether CRC-family terms are among the documented indications. human_adc_exposure_evidence=YES only when an approved asset exists for this target (approval implies documented dosing); a clinical-stage-only target gets UNKNOWN here even though its derisking_tier is still A_CLINICAL -- trial registration is not the same claim as documented human exposure.
tgt_erbb2	ERBB2	HGNC:3430	P04626	APPROVED	Colon Cancer AJCC v8; Colon Carcinoma; Colorectal Cancer; Colorectal Cancer AJCC v8; Colorectal Carcinoma; Colorectal Neoplasm; Colorectal Neoplasms; HER2-positive Colorectal Cancer (+220 more distinct root terms, 322 raw indication strings total)	DM1; MMAE; exatecan-derivative (topo1i)	YES	A_CLINICAL	ACTIVE	adcdb_claude_redo;adcdb_published	adc_candidates.tsv:ADC_CANDIDATE_TRASTUZUMAB_EMTANSINE;ADC_CANDIDATE_TRASTUZUMAB_DERUXTECAN;ADC_CANDIDATE_DISITAMAB_VEDOTIN | antigen:TAR0THKZD	2026-08-23	derisking_tier=A_CLINICAL per ADC_ATLAS_DATASET_CONTRACT.md Module A admission gate definition (a real ADC construct against this target is approved or has entered a human trial per adc_candidates.tsv, status=VALIDATED); this does not by itself establish CRC/mCRC relevance -- see adcdb_cancer_types_with_precedent for whether CRC-family terms are among the documented indications. human_adc_exposure_evidence=YES only when an approved asset exists for this target (approval implies documented dosing); a clinical-stage-only target gets UNKNOWN here even though its derisking_tier is still A_CLINICAL -- trial registration is not the same claim as documented human exposure.
tgt_erbb3	ERBB3	HGNC:3431	P21860	PHASE2	Breast Cancer; Breast Neoplasms; EGFR Gene Mutation; Malignant Neoplasm; Non-Small Cell Lung Carcinoma; Non-Small Cell Squamous Lung Cancer; Solid Tumor, Adult	exatecan-derivative (topo1i)	UNKNOWN	A_CLINICAL	ACTIVE	adcdb_claude_redo;adcdb_published	adc_candidates.tsv:ADC_CANDIDATE_ADC_SUFFIX_76452e9163ef | antigen:TAR0MYDAB	2026-08-23	derisking_tier=A_CLINICAL per ADC_ATLAS_DATASET_CONTRACT.md Module A admission gate definition (a real ADC construct against this target is approved or has entered a human trial per adc_candidates.tsv, status=VALIDATED); this does not by itself establish CRC/mCRC relevance -- see adcdb_cancer_types_with_precedent for whether CRC-family terms are among the documented indications. human_adc_exposure_evidence=YES only when an approved asset exists for this target (approval implies documented dosing); a clinical-stage-only target gets UNKNOWN here even though its derisking_tier is still A_CLINICAL -- trial registration is not the same claim as documented human exposure.
tgt_f3	F3	HGNC:3541	P13726	APPROVED	Colorectal Neoplasms; Bladder Cancer; Breast Cancer; Carcinoma, Non-Small-Cell Lung; Carcinoma, Squamous Cell of Head and Neck; Cervical Cancer; Cervix Cancer; Endometrium Cancer (+19 more distinct root terms, 27 raw indication strings total)	MMAE	YES	A_CLINICAL	ACTIVE	adcdb_claude_redo;adcdb_published	adc_candidates.tsv:ADC_CANDIDATE_TISOTUMAB_VEDOTIN | antigen:TAR0ZIMMG	2026-08-23	derisking_tier=A_CLINICAL per ADC_ATLAS_DATASET_CONTRACT.md Module A admission gate definition (a real ADC construct against this target is approved or has entered a human trial per adc_candidates.tsv, status=VALIDATED); this does not by itself establish CRC/mCRC relevance -- see adcdb_cancer_types_with_precedent for whether CRC-family terms are among the documented indications. human_adc_exposure_evidence=YES only when an approved asset exists for this target (approval implies documented dosing); a clinical-stage-only target gets UNKNOWN here even though its derisking_tier is still A_CLINICAL -- trial registration is not the same claim as documented human exposure.
tgt_folr1	FOLR1	HGNC:3791	P15328	APPROVED	Anatomic Stage II Breast Cancer AJCC v8; Anatomic Stage IIA Breast Cancer AJCC v8; Anatomic Stage IIB Breast Cancer AJCC v8; Anatomic Stage III Breast Cancer AJCC v8; Anatomic Stage IIIA Breast Cancer AJCC v8; Anatomic Stage IIIB Breast Cancer AJCC v8; Anatomic Stage IIIC Breast Cancer AJCC v8; Anatomic Stage IV Breast Cancer AJCC v8 (+46 more distinct root terms, 56 raw indication strings total)	DM4	YES	A_CLINICAL	ACTIVE	adcdb_claude_redo;adcdb_published	adc_candidates.tsv:ADC_CANDIDATE_MIRVETUXIMAB_SORAVTANSINE | antigen:TAR0QHAVI	2026-08-23	derisking_tier=A_CLINICAL per ADC_ATLAS_DATASET_CONTRACT.md Module A admission gate definition (a real ADC construct against this target is approved or has entered a human trial per adc_candidates.tsv, status=VALIDATED); this does not by itself establish CRC/mCRC relevance -- see adcdb_cancer_types_with_precedent for whether CRC-family terms are among the documented indications. human_adc_exposure_evidence=YES only when an approved asset exists for this target (approval implies documented dosing); a clinical-stage-only target gets UNKNOWN here even though its derisking_tier is still A_CLINICAL -- trial registration is not the same claim as documented human exposure.
tgt_itgb6	ITGB6	HGNC:6161	P18564	PHASE3	Carcinoma, Non-Small-Cell Lung; Carcinoma, Non-Small-Cell Lung (NSCLC); Non-Small Cell Lung Cancer	MMAE	UNKNOWN	A_CLINICAL	ACTIVE	adcdb_claude_redo;adcdb_published	adc_candidates.tsv:ADC_CANDIDATE_ADC_SUFFIX_1a81094bebf4 | antigen:TAR0AIVIM	2026-08-23	derisking_tier=A_CLINICAL per ADC_ATLAS_DATASET_CONTRACT.md Module A admission gate definition (a real ADC construct against this target is approved or has entered a human trial per adc_candidates.tsv, status=VALIDATED); this does not by itself establish CRC/mCRC relevance -- see adcdb_cancer_types_with_precedent for whether CRC-family terms are among the documented indications. human_adc_exposure_evidence=YES only when an approved asset exists for this target (approval implies documented dosing); a clinical-stage-only target gets UNKNOWN here even though its derisking_tier is still A_CLINICAL -- trial registration is not the same claim as documented human exposure.
tgt_met	MET	HGNC:7029	P08581	PHASE1	Solid Tumors Cancer	MMAE	UNKNOWN	A_CLINICAL	ACTIVE	adcdb_claude_redo;adcdb_published	adc_candidates.tsv:ADC_CANDIDATE_ADC_SUFFIX_8e37de9e1d6b | antigen:TAR0AIJKM	2026-08-23	derisking_tier=A_CLINICAL per ADC_ATLAS_DATASET_CONTRACT.md Module A admission gate definition (a real ADC construct against this target is approved or has entered a human trial per adc_candidates.tsv, status=VALIDATED); this does not by itself establish CRC/mCRC relevance -- see adcdb_cancer_types_with_precedent for whether CRC-family terms are among the documented indications. human_adc_exposure_evidence=YES only when an approved asset exists for this target (approval implies documented dosing); a clinical-stage-only target gets UNKNOWN here even though its derisking_tier is still A_CLINICAL -- trial registration is not the same claim as documented human exposure.
tgt_nectin4	NECTIN4	HGNC:19688	Q96NY8	APPROVED	Colorectal Cancer; Androgen-Resistant Prostatic Neoplasms; Bellini Carcinoma; Bladder Adenocarcinoma; Bladder Cancer; Bladder Cancer AJCC v8; Bladder Carcinoma; Bladder Squamous Cell Carcinoma (+71 more distinct root terms, 93 raw indication strings total)	MMAE	YES	A_CLINICAL	ACTIVE	adcdb_claude_redo;adcdb_published	adc_candidates.tsv:ADC_CANDIDATE_ENFORTUMAB_VEDOTIN;ADC_CANDIDATE_ADC_SUFFIX_e1a3cb555c56 | antigen:TAR0MWTFE	2026-08-23	derisking_tier=A_CLINICAL per ADC_ATLAS_DATASET_CONTRACT.md Module A admission gate definition (a real ADC construct against this target is approved or has entered a human trial per adc_candidates.tsv, status=VALIDATED); this does not by itself establish CRC/mCRC relevance -- see adcdb_cancer_types_with_precedent for whether CRC-family terms are among the documented indications. human_adc_exposure_evidence=YES only when an approved asset exists for this target (approval implies documented dosing); a clinical-stage-only target gets UNKNOWN here even though its derisking_tier is still A_CLINICAL -- trial registration is not the same claim as documented human exposure.
tgt_ror1	ROR1	HGNC:10256	Q01973	PHASE2	B-cell Acute Lymphoblastic Leukemia; Burkitt Lymphoma; Diffuse Large B-cell Lymphoma; Ewing Sarcoma; Neuroblastoma	MMAE	UNKNOWN	A_CLINICAL	ACTIVE	adcdb_claude_redo;adcdb_published	adc_candidates.tsv:ADC_CANDIDATE_ADC_SUFFIX_9feb2b8bd0bf | antigen:TAR0LTTSS	2026-08-23	derisking_tier=A_CLINICAL per ADC_ATLAS_DATASET_CONTRACT.md Module A admission gate definition (a real ADC construct against this target is approved or has entered a human trial per adc_candidates.tsv, status=VALIDATED); this does not by itself establish CRC/mCRC relevance -- see adcdb_cancer_types_with_precedent for whether CRC-family terms are among the documented indications. human_adc_exposure_evidence=YES only when an approved asset exists for this target (approval implies documented dosing); a clinical-stage-only target gets UNKNOWN here even though its derisking_tier is still A_CLINICAL -- trial registration is not the same claim as documented human exposure.
tgt_ror2	ROR2	HGNC:10257	Q01974	PHASE2	Cancer; Head and Neck Cancer; Squamous Cell Carcinoma of Head and Neck; Squamous Cell Carcinoma of the Head and Neck	MMAE	UNKNOWN	A_CLINICAL	ACTIVE	adcdb_claude_redo;adcdb_published	adc_candidates.tsv:ADC_CANDIDATE_ADC_SUFFIX_c96d607d7f9f | antigen:TAR0DJPZG	2026-08-23	derisking_tier=A_CLINICAL per ADC_ATLAS_DATASET_CONTRACT.md Module A admission gate definition (a real ADC construct against this target is approved or has entered a human trial per adc_candidates.tsv, status=VALIDATED); this does not by itself establish CRC/mCRC relevance -- see adcdb_cancer_types_with_precedent for whether CRC-family terms are among the documented indications. human_adc_exposure_evidence=YES only when an approved asset exists for this target (approval implies documented dosing); a clinical-stage-only target gets UNKNOWN here even though its derisking_tier is still A_CLINICAL -- trial registration is not the same claim as documented human exposure.
tgt_slc39a6	SLC39A6	HGNC:18607	Q13433	PHASE1	HER2 Mutations Breast Neoplasms; HER2 Positive Breast Neoplasms; Hormone Receptor Positive Breast Neoplasms; Triple Negative Breast Neoplasms	MMAE	UNKNOWN	A_CLINICAL	ACTIVE	adcdb_claude_redo;adcdb_published	adc_candidates.tsv:ADC_CANDIDATE_ADC_SUFFIX_1c9d743cf54f | antigen:TAR0CHCZT	2026-08-23	derisking_tier=A_CLINICAL per ADC_ATLAS_DATASET_CONTRACT.md Module A admission gate definition (a real ADC construct against this target is approved or has entered a human trial per adc_candidates.tsv, status=VALIDATED); this does not by itself establish CRC/mCRC relevance -- see adcdb_cancer_types_with_precedent for whether CRC-family terms are among the documented indications. human_adc_exposure_evidence=YES only when an approved asset exists for this target (approval implies documented dosing); a clinical-stage-only target gets UNKNOWN here even though its derisking_tier is still A_CLINICAL -- trial registration is not the same claim as documented human exposure.
tgt_tacstd2	TACSTD2	HGNC:11530	P09758	APPROVED	Colorectal Cancer; Additional Indications Below for Module 4 and 5; Anaplastic Thyroid Cancer; Anatomic Stage IV Breast Cancer AJCC v8; Angiosarcoma; Biliary Cancer; Biliary Tract Cancer; Bladder Cancer (+107 more distinct root terms, 139 raw indication strings total)	SN-38; exatecan-derivative (topo1i)	YES	A_CLINICAL	ACTIVE	adcdb_claude_redo;adcdb_published	adc_candidates.tsv:ADC_CANDIDATE_SACITUZUMAB_GOVITECAN;ADC_CANDIDATE_DATOPOTAMAB_DERUXTECAN | antigen:TAR0MIBZW	2026-08-23	derisking_tier=A_CLINICAL per ADC_ATLAS_DATASET_CONTRACT.md Module A admission gate definition (a real ADC construct against this target is approved or has entered a human trial per adc_candidates.tsv, status=VALIDATED); this does not by itself establish CRC/mCRC relevance -- see adcdb_cancer_types_with_precedent for whether CRC-family terms are among the documented indications. human_adc_exposure_evidence=YES only when an approved asset exists for this target (approval implies documented dosing); a clinical-stage-only target gets UNKNOWN here even though its derisking_tier is still A_CLINICAL -- trial registration is not the same claim as documented human exposure.
tgt_tnfrsf17	TNFRSF17	HGNC:11913	Q02223	APPROVED	AL Amyloidosis; AND/OR REFRACTORY MULTIPLE MYELOMA; Anaplastic Lymphoma Kinase Positive Large B-Cell Lymphoma; Cancer; Multiple Myeloma; Multiple Myeloma, Refractory; Myeloma; Plasma Cell Myeloma (+4 more distinct root terms, 19 raw indication strings total)	MMAF	YES	A_CLINICAL	ACTIVE	adcdb_claude_redo;adcdb_published	adc_candidates.tsv:ADC_CANDIDATE_BELANTAMAB_MAFODOTIN | antigen:TAR0KQONX	2026-08-23	derisking_tier=A_CLINICAL per ADC_ATLAS_DATASET_CONTRACT.md Module A admission gate definition (a real ADC construct against this target is approved or has entered a human trial per adc_candidates.tsv, status=VALIDATED); this does not by itself establish CRC/mCRC relevance -- see adcdb_cancer_types_with_precedent for whether CRC-family terms are among the documented indications. human_adc_exposure_evidence=YES only when an approved asset exists for this target (approval implies documented dosing); a clinical-stage-only target gets UNKNOWN here even though its derisking_tier is still A_CLINICAL -- trial registration is not the same claim as documented human exposure.
tgt_tnfrsf8	TNFRSF8	HGNC:11923	P28908	APPROVED	AIDS-Related Hodgkin Lymphoma; Acute Lymphoid Leukemia; Acute Myelogenous Leukemia; Acute Myeloid Leukemia; Anaplastic Large Cell Lymphoma; Anaplastic Large Cell Lymphoma, ALK-Negative; Anaplastic Large Cell Lymphoma, ALK-Positive; Anaplastic Large-Cell Lymphoma (+71 more distinct root terms, 136 raw indication strings total)	MMAE	YES	A_CLINICAL	ACTIVE	adcdb_claude_redo;adcdb_published	adc_candidates.tsv:ADC_CANDIDATE_BRENTUXIMAB_VEDOTIN | antigen:TAR0QPCSQ	2026-08-23	derisking_tier=A_CLINICAL per ADC_ATLAS_DATASET_CONTRACT.md Module A admission gate definition (a real ADC construct against this target is approved or has entered a human trial per adc_candidates.tsv, status=VALIDATED); this does not by itself establish CRC/mCRC relevance -- see adcdb_cancer_types_with_precedent for whether CRC-family terms are among the documented indications. human_adc_exposure_evidence=YES only when an approved asset exists for this target (approval implies documented dosing); a clinical-stage-only target gets UNKNOWN here even though its derisking_tier is still A_CLINICAL -- trial registration is not the same claim as documented human exposure.
