dataset_id	publication	year	repository	accession	modality	n_patients	n_samples	primary_or_metastatic	metastatic_site	treatment_annotation	molecular_annotation	matched_samples	raw_available	processed_available	estimated_download_size	clinical_relevance_score	target_discovery_value	priority	status	reason
GSE178318	A Single-Cell Atlas of Liver Metastases of Colorectal Cancer Reveals the Reprogramming of the Tumor Microenvironment in Response to Preoperative Chemotherapy	2021	GEO	GSE178318	scRNA-seq	6	15	PRIMARY_AND_METASTASIS	LIVER	CHEMOTHERAPY_PREOPERATIVE	UNKNOWN	YES	YES	YES	520.7 MB processed matrix plus metadata	3	3	P0_DOWNLOAD	CANDIDATE	Official GEO record verified; six labelled patients, matched primary/liver/PBMC samples, processed matrix available; usage terms request PI contact.
GSE224235	Spatially Resolved Transcriptomics Deconvolutes Histological Prognostic Subgroups in Patients with Colorectal Cancer and Synchronous Liver Metastases	2023	GEO	GSE224235	nCounter_GeoMx_spatial_context	9	17	PRIMARY_AND_METASTASIS	LIVER	UNKNOWN	UNKNOWN	PARTIAL	YES	YES	170 KB raw archive; processed values in sample table	2	3	P0_DOWNLOAD	CANDIDATE	Official GEO record verified; matched primary/metastatic lesions and 900-gene nCounter panel; broader study includes GeoMx; do not label as generic scRNA/spatial matrix.
GSE226997	Visium Spatial transcriptomics analysis of human primary colorectal cancer	2023	GEO	GSE226997	Visium_spatial_transcriptomics	4	4	PRIMARY	NA	UNTREATED_OR_UNKNOWN	UNKNOWN	NO	YES	YES	41.2 GB raw archive; processed supplementary files available	1	2	REFERENCE_ONLY	CANDIDATE	Official GEO record verified; four primary CRC patients; comparator only and raw archive is intentionally out of scope.
GSE260797	CRC single-cell/spatial subseries	UNKNOWN	GEO	GSE260797	scRNA-seq_and_spatial	UNKNOWN	UNKNOWN	UNKNOWN	UNKNOWN	UNKNOWN	UNKNOWN	UNKNOWN	UNKNOWN	UNKNOWN	UNKNOWN	1	2	P1_DOWNLOAD	CANDIDATE	Verify human patient relevance and orthogonality.
GSE260798	CRC single-cell/spatial subseries	UNKNOWN	GEO	GSE260798	scRNA-seq_and_spatial	UNKNOWN	UNKNOWN	UNKNOWN	UNKNOWN	UNKNOWN	UNKNOWN	UNKNOWN	UNKNOWN	UNKNOWN	UNKNOWN	1	2	P1_DOWNLOAD	CANDIDATE	Verify human patient relevance and orthogonality.
GSE260799	CRC single-cell/spatial subseries	UNKNOWN	GEO	GSE260799	scRNA-seq_and_spatial	UNKNOWN	UNKNOWN	UNKNOWN	UNKNOWN	UNKNOWN	UNKNOWN	UNKNOWN	UNKNOWN	UNKNOWN	UNKNOWN	1	2	P1_DOWNLOAD	CANDIDATE	Verify human patient relevance and orthogonality.
GSE260800	CRC single-cell/spatial subseries	UNKNOWN	GEO	GSE260800	scRNA-seq_and_spatial	UNKNOWN	UNKNOWN	UNKNOWN	UNKNOWN	UNKNOWN	UNKNOWN	UNKNOWN	UNKNOWN	UNKNOWN	UNKNOWN	1	2	P1_DOWNLOAD	CANDIDATE	Verify human patient relevance and orthogonality.
DepMap_26Q1	DepMap Public current release	2026	DepMap	DepMap_26Q1	CRISPR_dependency_expression_genomics	UNKNOWN	UNKNOWN	CELL_LINES	NA	UNKNOWN	MUTATION_CNV	NO	YES	UNKNOWN	UNKNOWN	1	3	P0_DOWNLOAD	CANDIDATE	Official 26Q1 release page and release announcement verified; bulk download portal requires interactive verification; CRC subset, license, and exact file URLs still to record.
PXD038149	Proteotranscriptomic analysis of advanced colorectal cancer patient derived organoids for drug sensitivity prediction	2025	PRIDE	PXD038149	proteomics_transcriptomics_drug_response	UNKNOWN	UNKNOWN	ORGANOID	UNKNOWN	UNKNOWN	UNKNOWN	UNKNOWN	YES	UNKNOWN	PRIDE FTP archive; processed-file inventory still to record	2	3	P0_DOWNLOAD	CANDIDATE	ProteomeXchange/PRIDE record verified; advanced and heavily pre-treated PDOs, SWATH-MS, bulk RNA-seq, and functional drug assays; publication PMID 36604765.
MCRC_liver_metastasis_PDO_2026	Patient-derived organoids from metastatic colorectal cancer mirror tumor heterogeneity and predict patient survival and drug sensitivity	2026	Publisher_repository	UNKNOWN	organoid_multiomics_drug_response	102	213	METASTASIS	LIVER	UNKNOWN	MUTATION_CNV	UNKNOWN	UNKNOWN	UNKNOWN	UNKNOWN	3	3	P0_DOWNLOAD	CANDIDATE	Publication and 213 organoids from 102 liver-metastasis patients verified; raw/processed repository accession and treatment metadata not yet located, so no download approval.
CRC_organoid_CRISPR_dependency	Patient-derived colon cancer organoid genome-wide CRISPR screens	UNKNOWN	PUBLIC_REPOSITORY	UNKNOWN	CRISPR_dependency	UNKNOWN	UNKNOWN	ORGANOID	UNKNOWN	UNKNOWN	UNKNOWN	UNKNOWN	UNKNOWN	UNKNOWN	UNKNOWN	2	3	P0_DOWNLOAD	CANDIDATE	Identify accession and verify advanced/metastatic models.
CRC_Perturb_seq	CRC pooled single-cell CRISPR/Perturb-seq resources	UNKNOWN	MULTI_REPOSITORY	UNKNOWN	perturbation_single_cell	UNKNOWN	UNKNOWN	UNKNOWN	UNKNOWN	UNKNOWN	UNKNOWN	UNKNOWN	UNKNOWN	UNKNOWN	UNKNOWN	2	3	P1_DOWNLOAD	CANDIDATE	Search malignant epithelial perturbation and resistance/state-transition studies.
HPA_normal_tissue	Human Protein Atlas normal-tissue reference	2026	HPA	HPA	protein_RNA_IHC	UNKNOWN	UNKNOWN	NORMAL_REFERENCE	MULTI_ORGAN	NA	PROTEIN_AND_RNA	NO	YES	UNKNOWN	UNKNOWN	0	3	P0_DOWNLOAD	CANDIDATE	Official HPA portal verified; tissue, single-cell, subcellular, blood and downloadable-data resources available; exact release file selection still to document.
GTEx_normal_tissue	GTEx normal tissue reference	UNKNOWN	GTEx	GTEx	bulk_RNA	UNKNOWN	UNKNOWN	NORMAL_REFERENCE	MULTI_ORGAN	NA	RNA	NO	YES	UNKNOWN	UNKNOWN	0	2	REFERENCE_ONLY	CANDIDATE	Bulk RNA comparator only; cannot establish ADC window alone.
