link_id	evidence_id	indication_id	dataset_id	evidence_axis	link_status	source_record	missing_information	review_status	notes
IEL001	EV001	mcrc_preop_chemotherapy_crlm	GSE178318	PATIENT_STATE_TREATMENT_TIMING	SOURCE_INDEXED_NOT_ANALYZED	DATA/registry/GSE178318/sample_map.tsv	Molecular annotations, PI-contact terms and checksums	UNREVIEWED_FOR_CLAIM	Matched primary/liver/PBMC and patient-level preoperative treatment are indexed.
IEL002	EV002	mcrc_organoid_drug_response	PXD038149	MALIGNANT_STATE_DRUG_RESPONSE	SOURCE_INDEXED_NOT_ANALYZED	DATA/registry/PXD038149/file_inventory.tsv	Sample-description workbook staging and sample-level reconciliation	UNREVIEWED_FOR_CLAIM	Processed/quantitative and drug-response context is indexed; raw files remain out of scope.
IEL003	EV003	mcrc_organoid_drug_response	MCRC_liver_metastasis_PDO_2026	PATIENT_STATE_DRUG_RESPONSE	SOURCE_INDEXED_NOT_ANALYZED	DATA/registry/MCRC_liver_metastasis_PDO_2026/file_inventory.tsv	Downloaded-file checksums, clinical/treatment reconciliation and third-party terms	UNREVIEWED_FOR_CLAIM	Mendeley Data S1-S5 source files are indexed; no data were downloaded.
IEL004	EV004	mcrc_functional_dependency	DepMap_26Q1	DEPENDENCY_MOLECULAR_STATE	SOURCE_INDEXED_NOT_ANALYZED	DATA/registry/DepMap_26Q1/README.md	Exact release files and CRC model filtering	UNREVIEWED_FOR_CLAIM	Release-level source only; no CRC subset or dependency result is asserted.
IEL005	EV005	normal_tissue_safety_reference	HPA_normal_tissue	NORMAL_TISSUE_PROTEIN_RNA	SOURCE_INDEXED_NOT_ANALYZED	DATA/registry/HPA_normal_tissue/file_inventory.tsv	Minimum organ subset, file sizes/checksums and third-party terms	UNREVIEWED_FOR_CLAIM	HPA is a reference source, not a therapeutic-window conclusion.
IEL006	EV006	mcrc_liver_metastasis	CRLM_NMP_ATLAS	PATIENT_STATE_MALIGNANT_STATE	SOURCE_INDEXED_NOT_ANALYZED	DATA/registry/CRLM_NMP_ATLAS/source_manifest.tsv	Exact h5ad/file inventory, sample map, license and checksums	UNREVIEWED_FOR_CLAIM	Ex vivo CRLM context; no target claim.
IEL007	EV007	mcrc_malignant_plasticity	HTAN_CRC_progressive_plasticity	MALIGNANT_STATE	SOURCE_INDEXED_NOT_ANALYZED	DATA/registry/HTAN_CRC_progressive_plasticity/source_manifest.tsv	Exact collection files, DOI, treatment exposure and license/checksums	UNREVIEWED_FOR_CLAIM	Collection-level source only.
IEL008	EV008	mcrc_organoid_drug_response	GSE117548	FUNCTIONAL_RESPONSE_CONTEXT	SOURCE_INDEXED_NOT_ANALYZED	DATA/registry/GSE117548/README.md	Image/compound-level response files, license/access terms and checksums	UNREVIEWED_FOR_CLAIM	PDO compound-screen context is indexed; no response matrix claim is made.
IEL009	EV009	mcrc_functional_dependency	DepMap_26Q1	DEPENDENCY_MOLECULAR_STATE	SOURCE_INDEXED_NOT_ANALYZED	DATA/registry/DepMap_26Q1/README.md	Exact release files, CRC model filtering rules, release terms and checksums	UNREVIEWED_FOR_CLAIM	Release-level source only; no CRC subset or dependency result is asserted.
